_id,customerFirstName,customerLastName,email,customerPhoneNumber
6444081c6114678ff14f7c75,Jonathan,Hayes,Jonathan.Hayes@gmail.com,+948850870927
6444081c6114678ff14f7c76,Carla,Robinson,Carla.Robinson@gmail.com,+943939710194
6444081c6114678ff14f7c77,Kristine,Frey,Kristine.Frey@gmail.com,+942224946362
6444081c6114678ff14f7c78,Benjamin,Obrien,Benjamin.Obrien@gmail.com,+94742517880
6444081c6114678ff14f7c79,Austin,Krause,Austin.Krause@gmail.com,+943864730100
6444081c6114678ff14f7c7a,Travis,Petersen,Travis.Petersen@gmail.com,+94060525513
6444081c6114678ff14f7c7b,Meghan,Lopez,Meghan.Lopez@gmail.com,+941323703126
6444081c6114678ff14f7c7c,Mark,Keller,Mark.Keller@gmail.com,+943382303214
6444081c6114678ff14f7c7d,Daniel,Conway,Daniel.Conway@gmail.com,+94624044780
6444081c6114678ff14f7c7e,Gary,Thomas,Gary.Thomas@gmail.com,+940141894449
6444081c6114678ff14f7c7f,Victoria,Mays,Victoria.Mays@gmail.com,+94386500069
6444081c6114678ff14f7c80,Stephen,Yu,Stephen.Yu@gmail.com,+946444456438
6444081c6114678ff14f7c81,Christina,King,Christina.King@gmail.com,+949059165816
6444081c6114678ff14f7c82,Jason,Price,Jason.Price@gmail.com,+949114603661
6444081c6114678ff14f7c83,Brenda,Howard,Brenda.Howard@gmail.com,+94079101642
6444081c6114678ff14f7c84,Joshua,Patterson,Joshua.Patterson@gmail.com,+946202849000
6444081c6114678ff14f7c85,Barbara,Larson,Barbara.Larson@gmail.com,+940161383229
6444081c6114678ff14f7c86,Robert,Braun,Robert.Braun@gmail.com,+94099453885
6444081c6114678ff14f7c87,Hailey,Smith,Hailey.Smith@gmail.com,+942076701266
6444081c6114678ff14f7c88,Rachel,Cook,Rachel.Cook@gmail.com,+942260191471
6444081c6114678ff14f7c89,Whitney,Bryant,Whitney.Bryant@gmail.com,+946097711737
6444081c6114678ff14f7c8a,Donald,Fletcher,Donald.Fletcher@gmail.com,+94535436455
6444081c6114678ff14f7c8b,Jason,Cooper,Jason.Cooper@gmail.com,+945157756968
6444081c6114678ff14f7c8c,Judith,Moore,Judith.Moore@gmail.com,+94949786310
6444081c6114678ff14f7c8d,Lawrence,Smith,Lawrence.Smith@gmail.com,+943252485045
6444081c6114678ff14f7c8e,Christopher,Porter,Christopher.Porter@gmail.com,+940176228093
6444081c6114678ff14f7c8f,Maria,Stanton,Maria.Stanton@gmail.com,+940999040794
6444081c6114678ff14f7c90,Jillian,Harding,Jillian.Harding@gmail.com,+94599935213
6444081c6114678ff14f7c91,Jake,Hoffman,Jake.Hoffman@gmail.com,+947103555568
6444081c6114678ff14f7c92,Adriana,Smith,Adriana.Smith@gmail.com,+943371893583
6444081c6114678ff14f7c93,Steven,Williams,Steven.Williams@gmail.com,+944325642650
6444081c6114678ff14f7c94,William,Rodgers,William.Rodgers@gmail.com,+940801480415
6444081c6114678ff14f7c95,Bobby,Sanchez,Bobby.Sanchez@gmail.com,+940537571622
6444081c6114678ff14f7c96,Marcus,Miles,Marcus.Miles@gmail.com,+94853242955
6444081c6114678ff14f7c97,Daniel,Little,Daniel.Little@gmail.com,+94122521036
6444081c6114678ff14f7c98,Caitlin,Jenkins,Caitlin.Jenkins@gmail.com,+948794831994
6444081c6114678ff14f7c99,Sarah,Gonzalez,Sarah.Gonzalez@gmail.com,+94051290860
6444081c6114678ff14f7c9a,Alexander,Rodriguez,Alexander.Rodriguez@gmail.com,+940126006376
6444081c6114678ff14f7c9b,Lauren,Lynch,Lauren.Lynch@gmail.com,+940921115363
6444081c6114678ff14f7c9c,Michael,Mccarthy,Michael.Mccarthy@gmail.com,+94725825806
6444081c6114678ff14f7c9d,James,Khan,James.Khan@gmail.com,+94433037801
6444081c6114678ff14f7c9e,Emily,Daniels,Emily.Daniels@gmail.com,+94852181179
6444081c6114678ff14f7c9f,Alexa,Lawson,Alexa.Lawson@gmail.com,+945481377036
6444081c6114678ff14f7ca0,Kyle,Andersen,Kyle.Andersen@gmail.com,+940192378341
6444081c6114678ff14f7ca1,Brandon,Clark,Brandon.Clark@gmail.com,+947230500559
6444081c6114678ff14f7ca2,Danielle,Torres,Danielle.Torres@gmail.com,+94635025647
6444081c6114678ff14f7ca3,Wanda,Wilkins,Wanda.Wilkins@gmail.com,+943880337058
6444081c6114678ff14f7ca4,Scott,Bailey,Scott.Bailey@gmail.com,+940195054704
6444081c6114678ff14f7ca5,Timothy,Hunter,Timothy.Hunter@gmail.com,+948920899358
6444081c6114678ff14f7ca6,Natasha,Carson,Natasha.Carson@gmail.com,+940197417333
