_id,productName,price,productImage,description,productCatogoryId,AvailableQuantity
644408526114678ff14f7ca9,Carrots,266,https://dummyimage.com/763x734,"Amount set strong official magazine stuff TV. Whom middle identify low hear sister.
Better major group. Almost arm son station building line. Range onto wrong thought heart.",644405206114678ff14f7c71,2
644408526114678ff14f7caa,Peas,170,https://dummyimage.com/770x762,Economic worker amount close morning. Simply provide industry century dark. Skill manage community as station.,644405206114678ff14f7c71,22
644408526114678ff14f7cab,Pears,725,https://picsum.photos/200/513,"Ready just clear. Station capital sure center. Choice power indeed live success section create.
Focus south director type. This represent security charge need arrive. Result style mouth role.",644405206114678ff14f7c70,42
644408526114678ff14f7cac,Pomegranates,315,https://dummyimage.com/754x411,"Once direction task ten picture possible. Ok data effect science human free buy.
While easy military. Language international dark fight east official. Where light professional trial.",644405206114678ff14f7c70,74
644408526114678ff14f7cad,Cranberries,194,https://dummyimage.com/787x824,Whole end prepare drive position site. Style red put degree help. Interview himself color operation degree place.,644405206114678ff14f7c70,57
644408526114678ff14f7cae,Bananas,955,https://placekitten.com/452/437,"Enjoy order ago second standard shake. White either five necessary. Difference when call.
Finally want because firm investment seem court. Majority everyone study north save soldier.",644405206114678ff14f7c70,40
644408526114678ff14f7caf,Spinach,905,https://placekitten.com/151/971,"Speak alone author back western foot begin. Perform specific owner. Certainly outside second save.
At science east culture. Great everything either before surface.",644405206114678ff14f7c71,44
644408526114678ff14f7cb0,Apricots,791,https://dummyimage.com/382x176,"Learn maybe also purpose half according industry. Analysis thousand mention star cost claim.
Everybody stock by quite blood since write range. Young also yes.",644405206114678ff14f7c70,24
644408526114678ff14f7cb1,Passion fruit,126,https://dummyimage.com/355x781,"Several anything although paper subject watch land. Cup group camera too situation catch. Direction exactly environment.
Front movement once appear report audience finally. Difficult loss natural.",644405206114678ff14f7c70,71
644408526114678ff14f7cb2,Oats,763,https://dummyimage.com/925x920,"Continue soon loss plant simple ago. Government record late health democratic during early.
Our likely ever sometimes many.",644405206114678ff14f7c72,51
644408526114678ff14f7cb3,Dates,665,https://dummyimage.com/788x525,"Push international color. Organization discussion commercial police course stop front.
Modern audience memory edge. We mean catch scientist process well fire.",644405206114678ff14f7c70,46
644408526114678ff14f7cb4,Cheese,173,https://placekitten.com/697/520,Yard simply others ground fast discover. Establish world process particular white hair knowledge rate. Boy particularly as how.,644405206114678ff14f7c72,48
644408526114678ff14f7cb5,Mulberries,114,https://picsum.photos/227/922,"Never air region person skin. Age speak change computer.
Space eat phone out apply. Range form become dinner plant smile.",644405206114678ff14f7c70,72
644408526114678ff14f7cb6,Apricots,492,https://placekitten.com/770/235,Say teacher sit computer turn. Whole throughout trial forward his.,644405206114678ff14f7c70,100
644408526114678ff14f7cb7,Sugarcane,446,https://picsum.photos/520/41,Vote either oil art you arrive. Style capital whose election right. His fill machine establish station of sea.,644405206114678ff14f7c72,32
644408526114678ff14f7cb8,Escarole,628,https://dummyimage.com/539x998,Decision region break culture project employee participant history. Once week most own task kind toward. Model large executive concern magazine voice view article.,644405206114678ff14f7c71,66
644408526114678ff14f7cb9,Squash,114,https://dummyimage.com/616x629,Out cell drug strategy. Down performance room method create body just. Worry well term real.,644405206114678ff14f7c71,58
644408526114678ff14f7cba,Chives,295,https://picsum.photos/311/121,"Past surface culture million even realize. College enter single project new.
Around leader court around.
Card end history like effect. Result main production require space best smile.",644405206114678ff14f7c71,70
644408526114678ff14f7cbb,Sugarcane,980,https://picsum.photos/405/202,"Simple reach night. Money why maintain trade weight. Begin maintain work color along woman minute.
Minute section society occur continue.",644405206114678ff14f7c72,70
644408526114678ff14f7cbc,Swiss chard,520,https://placekitten.com/923/488,"True stock of few interview. Hold list thank hope trade television. Republican explain share sister.
Hear if arrive far let will way. Effect it another finish.",644405206114678ff14f7c71,15
644408526114678ff14f7cbd,Guavas,652,https://placekitten.com/378/392,"Understand term cost young by. Kitchen short reveal.
Worker case kitchen customer. Approach tell tree probably.",644405206114678ff14f7c70,72
644408526114678ff14f7cbe,Grapes,225,https://picsum.photos/580/704,"Fast share condition century hundred. Always team fine safe stop low. Note push say book usually purpose provide.
Public several she player list home room. Under return answer enter between follow.",644405206114678ff14f7c70,97
644408526114678ff14f7cbf,Radishes,677,https://placekitten.com/566/347,"True plant high issue more occur. Start stuff pressure dinner. Member short born line record.
Second understand receive. Material imagine there stop.",644405206114678ff14f7c71,6
644408526114678ff14f7cc0,Blueberries,649,https://placekitten.com/19/164,"Whether against dog significant.
Quickly perform human resource risk Mrs leave. Sure old drive painting send turn.
On dinner evening some. Bar green model become offer painting plan save.",644405206114678ff14f7c70,80
644408526114678ff14f7cc1,Pomegranates,521,https://picsum.photos/615/23,"Level pretty officer buy himself person. Start model ten only growth.
While start shake health leader. Pattern ground hundred somebody marriage test letter. Respond stock fill tough wife.",644405206114678ff14f7c70,68
644408526114678ff14f7cc2,Collard greens,591,https://picsum.photos/150/401,Study pick but with game still learn fight. Myself impact one fall economy clearly here.,644405206114678ff14f7c71,52
644408526114678ff14f7cc3,Green beans,586,https://picsum.photos/712/592,"Story wife gas big he form.
Contain great three represent run another. Improve charge management west civil movie himself. Painting on along involve can magazine.",644405206114678ff14f7c71,71
644408526114678ff14f7cc4,Squash,101,https://dummyimage.com/370x272,Language would subject marriage truth conference. Level bill available language about middle.,644405206114678ff14f7c71,5
644408526114678ff14f7cc5,Potatoes,185,https://picsum.photos/916/134,"Fine administration effect heart whose hospital.
Sense major either director write dinner talk. Hope large national rest. Program evening five truth.",644405206114678ff14f7c71,13
644408526114678ff14f7cc6,Asparagus,323,https://picsum.photos/632/644,"If start magazine important movement represent scientist. Bit investment side pattern.
On green political discover. Author join up. High step specific employee.",644405206114678ff14f7c71,39
644408526114678ff14f7cc7,Radishes,157,https://dummyimage.com/329x119,"Offer stop figure near half. Continue long market share upon measure.
Successful born money. Direction policy suffer. Chair including member wrong small responsibility quality.",644405206114678ff14f7c71,80
644408526114678ff14f7cc8,Mangoes,546,https://placekitten.com/282/568,"Trial effort walk during everything. Over moment career method build leg.
Likely really gas during. Eye heart PM cold. Several consider television medical one account. Quickly rise onto today.",644405206114678ff14f7c70,76
644408526114678ff14f7cc9,Pistachios,513,https://placekitten.com/981/55,"Sense have your station bank. Leader board bad wife. Someone similar left now music speak.
Street wife always. Prevent ahead up not. Fast half budget.
Rate personal all with man southern establish.",644405206114678ff14f7c72,36
644408526114678ff14f7cca,Peaches,334,https://placekitten.com/258/352,Team process pick Democrat. Maintain sell push organization think. Reach understand our itself adult guy performance.,644405206114678ff14f7c70,58
644408526114678ff14f7ccb,Almonds,184,https://placekitten.com/161/995,Which street themselves. Walk address trouble decision represent push. Marriage car none attention recent. Huge gas several window meeting.,644405206114678ff14f7c72,13
644408526114678ff14f7ccc,Pears,555,https://placekitten.com/673/364,"Reality move his. Oil produce loss threat contain.
Future attorney manager rock black figure least. Foreign until time future. Hair also him buy.
Before approach history.",644405206114678ff14f7c70,11
644408526114678ff14f7ccd,Cucumbers,353,https://placekitten.com/809/542,"Production matter remain child use happy collection. Market best attorney Mr gun. Partner name official.
Ahead run southern within. Experience make hospital. Himself hit responsibility chair.",644405206114678ff14f7c71,68
644408526114678ff14f7cce,Rice,175,https://placekitten.com/388/660,Situation begin any. Moment price physical stay. Represent partner authority none former.,644405206114678ff14f7c72,96
644408526114678ff14f7ccf,Pineapples,542,https://dummyimage.com/311x698,"Follow former teach company information run fire chair. Tree relate suffer all event drop.
Detail structure rate win. Offer good give class. Bad result family able red bill husband.",644405206114678ff14f7c70,100
644408526114678ff14f7cd0,Brussels sprouts,120,https://dummyimage.com/177x1008,"President two executive itself physical view exist.
What responsibility now man picture whose those institution. Boy picture fact ground everyone spend theory. Cover key contain.",644405206114678ff14f7c71,75
644408526114678ff14f7cd1,Collard greens,367,https://dummyimage.com/267x708,"Public perform different wall office. Republican set today population east Mr peace.
Ready just month. Someone so director him our tough. Later quickly carry successful.",644405206114678ff14f7c71,15
644408526114678ff14f7cd2,Carrots,351,https://dummyimage.com/659x263,Imagine true including. College economic minute left. Various within member TV. Evidence report sport report.,644405206114678ff14f7c71,28
644408526114678ff14f7cd3,Endive,623,https://picsum.photos/286/864,"Movie second could if late require down. Throughout education student small. Song Republican compare bed.
Their order beat coach recent anyone. First free letter. Assume garden indeed.",644405206114678ff14f7c71,78
644408526114678ff14f7cd4,Radishes,872,https://picsum.photos/340/62,When job simply natural head arm. Suffer let culture lay through us federal parent. Employee week budget happen improve street want. Maintain above treat idea us.,644405206114678ff14f7c71,34
644408526114678ff14f7cd5,Coconuts,855,https://dummyimage.com/896x562,Fire enter out different. Successful single product ability move majority money miss. Consumer dog for rock present. Simply federal book least participant ground.,644405206114678ff14f7c72,59
644408526114678ff14f7cd6,Flax seeds,692,https://picsum.photos/392/220,"Impact seem per score. Weight important forward people few hear.
You bank government car father. Police somebody in market baby.",644405206114678ff14f7c72,35
644408526114678ff14f7cd7,Tallow,968,https://placekitten.com/91/962,"Indeed product top believe animal. Bit former born wrong.
Nothing keep system human. Goal eye figure grow firm try defense. Herself movement would leg.",644405206114678ff14f7c72,68
644408526114678ff14f7cd8,Cherries,158,https://placekitten.com/59/641,Those per feel manager happy. Show his now state resource budget drug suddenly. Risk stop role find above sell. Health future administration laugh suggest yourself between family.,644405206114678ff14f7c70,83
644408526114678ff14f7cd9,Plums,810,https://picsum.photos/94/494,"Certain spend answer health kitchen. Middle mention ability worker seat.
Such through type stop fear we wide. Artist street play analysis door face.",644405206114678ff14f7c70,63
644408526114678ff14f7cda,Tallow,480,https://placekitten.com/580/858,Actually together need star argue she street. Knowledge office degree news anyone statement majority.,644405206114678ff14f7c72,45
644408526114678ff14f7cdb,Sesame seeds,266,https://picsum.photos/964/187,"Worker firm again arm toward off war. Visit see hour anyone.
Life physical capital without provide although player. Center sister book water magazine together.",644405206114678ff14f7c72,33
644408526114678ff14f7cdc,Sweet potatoes,243,https://dummyimage.com/510x905,"Change arm western organization. Remember hope ahead design technology. First land nor camera appear level.
Happy unit perform. Yard his reach late bring hit leg.",644405206114678ff14f7c71,9
644408526114678ff14f7cdd,Milk,158,https://picsum.photos/850/981,"Memory arm even second. Nothing seem foot painting. Establish I develop especially.
Establish commercial final strategy hotel. Brother sell prepare piece clear.",644405206114678ff14f7c72,53
644408526114678ff14f7cde,Huckleberries,602,https://dummyimage.com/81x967,Argue us always place behind suffer surface. Thing wish good field common administration. Evening article remember over. Actually second own show professor.,644405206114678ff14f7c70,65
644408526114678ff14f7cdf,Grapefruits,828,https://dummyimage.com/528x468,"Meeting no red across fast order gun. Similar recently smile.
Court imagine major defense. Between actually two floor nothing. Place amount laugh catch. Among agency level sometimes.",644405206114678ff14f7c70,77
644408526114678ff14f7ce0,Quinoa,615,https://picsum.photos/865/849,"Day political lot station art kitchen improve. Cold reality soon someone every suggest ground. Garden job store treat seem newspaper.
Wait six attention. Him environmental discussion.",644405206114678ff14f7c72,99
644408526114678ff14f7ce1,Pears,110,https://placekitten.com/108/442,Security break eat pay. Human democratic wonder reason drive might during. Through magazine anyone go.,644405206114678ff14f7c70,98
644408526114678ff14f7ce2,Squash,894,https://placekitten.com/853/397,"Nothing become kind organization. Matter health city employee. Mind impact modern. Hear write arrive.
Third condition stop.",644405206114678ff14f7c71,65
644408526114678ff14f7ce3,Huckleberries,576,https://dummyimage.com/926x984,"Per some option every field. Month prepare service key effort two huge. Change group pretty also themselves attention force. Strong there appear.
Total until along join scene. Very face today now.",644405206114678ff14f7c70,18
644408526114678ff14f7ce4,Potatoes,489,https://picsum.photos/65/567,"Wind article activity. Hotel hospital study beyond now cost window.
Site whole hair doctor glass manage down. Cost oil growth mention. Statement next my growth.",644405206114678ff14f7c71,95
644408526114678ff14f7ce5,Blueberries,737,https://dummyimage.com/361x154,Marriage away state local indicate husband. Drop low figure agree address include nearly. Especially product popular production.,644405206114678ff14f7c70,25
644408526114678ff14f7ce6,Peaches,295,https://picsum.photos/518/490,"Story too role risk stay fire. Nation college own part drive guess American.
Federal product boy thus. Natural carry role final station ability.
Change type billion. Teach page question true.",644405206114678ff14f7c70,54
644408526114678ff14f7ce7,Peanut butter,163,https://dummyimage.com/506x569,"Item my work. High research write growth. Mind also north partner build phone. Wall not model evening third.
Hear line store together answer the mother. Miss table after summer exist.",644405206114678ff14f7c72,11
644408526114678ff14f7ce8,Mangoes,574,https://dummyimage.com/2x683,"Civil many main enter parent skill. Also up radio than your owner war operation.
Imagine image next that item walk. Present leader deep simply suggest bar.",644405206114678ff14f7c70,42
644408526114678ff14f7ce9,Garlic,174,https://picsum.photos/421/275,"Charge significant authority relate. But design local forget practice life line direction.
Describe group popular go moment be. Say election step mean stuff.",644405206114678ff14f7c71,80
644408526114678ff14f7cea,Tomatoes,745,https://dummyimage.com/392x415,Wrong human charge east sport give. Common class region staff reality. Trial order less plan make analysis.,644405206114678ff14f7c71,95
644408526114678ff14f7ceb,Snow peas,362,https://dummyimage.com/119x395,"Act firm thought central mind friend me. Bad whatever pull guess.
Pressure bad third require population American vote model. Ok how yes dark ball. Course report food. Apply like under bag third.",644405206114678ff14f7c71,29
644408526114678ff14f7cec,Lard,402,https://picsum.photos/172/705,"However yes base run. Easy response woman recently give recognize.
Common sit prove course. Scene maybe goal building buy weight. Sound front you.",644405206114678ff14f7c72,62
644408526114678ff14f7ced,Elderberries,878,https://placekitten.com/205/623,"Student leave system into. Senior might create.
Success plan defense high often who professional second. Sound that memory product high radio.",644405206114678ff14f7c70,36
644408526114678ff14f7cee,Pomegranates,391,https://placekitten.com/701/351,"Newspaper boy language determine range family something. Bed work serious bag election industry. Director phone leg.
Network new statement including. Help baby reflect process list throw.",644405206114678ff14f7c70,60
644408526114678ff14f7cef,Peanuts,999,https://dummyimage.com/70x188,"Half reflect professor strong conference. Reality in question first building performance anything.
Whose will policy analysis. Who guy cultural father couple.",644405206114678ff14f7c72,71
644408526114678ff14f7cf0,Turnips,844,https://dummyimage.com/947x750,"Interest investment appear meet can us. Dream listen now majority might stage. As TV officer. Information social thing risk power opportunity.
Free worker recognize friend.",644405206114678ff14f7c71,30
644408526114678ff14f7cf1,Carrots,484,https://placekitten.com/379/702,"House new above lead. Her my consumer away outside senior.
Or program firm sea only person anyone she. Some impact research no worker town. Add goal next decide article style head.",644405206114678ff14f7c71,11
644408526114678ff14f7cf2,Kumquats,182,https://picsum.photos/369/217,"Year buy thing week along beat. Professional reality walk number image ahead look.
Provide shoulder forget reality risk pattern my. Article myself Congress improve scientist live.",644405206114678ff14f7c70,73
644408526114678ff14f7cf3,Lychees,780,https://picsum.photos/859/492,"Call occur director land energy million. Share feel exactly.
Again about event.",644405206114678ff14f7c70,60
644408526114678ff14f7cf4,Flax seeds,935,https://dummyimage.com/50x81,"Scene describe buy Congress. Read three box ago this concern.
Consider stuff how. Soon out camera yes care nothing. Sea such list notice.",644405206114678ff14f7c72,65
644408526114678ff14f7cf5,Cherries,799,https://dummyimage.com/817x312,"Trouble of world letter hundred. Describe field hospital beautiful cause career. Stay identify town accept town thought health.
Artist something plan home probably. Station during machine few.",644405206114678ff14f7c70,26
644408526114678ff14f7cf6,Bell Peppers,867,https://picsum.photos/969/358,Impact visit produce system. Responsibility class he stand figure. Me policy some.,644405206114678ff14f7c71,23
644408526114678ff14f7cf7,Coffee beans,479,https://picsum.photos/765/339,"Minute laugh order fine factor site. Range industry society here.
Role up dark this director. Meeting Democrat many land. If public result think.",644405206114678ff14f7c72,100
644408526114678ff14f7cf8,Endive,111,https://placekitten.com/302/1010,"Although itself modern customer. Sell memory catch pressure.
Soldier public agree long. Throughout in nearly.",644405206114678ff14f7c71,71
644408526114678ff14f7cf9,Figs,189,https://placekitten.com/473/767,"Beat political major tonight nature. Light authority turn growth charge ball drug special. High learn ready nation level.
But section room open talk. Either compare power.",644405206114678ff14f7c70,67
644408526114678ff14f7cfa,Dragonfruit,740,https://dummyimage.com/995x200,"Sense current generation Republican box old anything decide. Direction stay get day team.
Late charge be director she report soldier bank. School any our truth program present upon.",644405206114678ff14f7c70,17
644408526114678ff14f7cfb,Lettuce,183,https://dummyimage.com/51x924,"Power hotel small want check teacher. Serious over move drop use.
Country statement open training rate however water. Glass must change have report.",644405206114678ff14f7c71,69
644408526114678ff14f7cfc,Potatoes,407,https://picsum.photos/760/593,"Move pay song deal know. Contain fly without interview dog lead picture. Strategy get war.
Brother begin play air. Order personal here marriage high article back seem.",644405206114678ff14f7c71,95
644408526114678ff14f7cfd,Kale,318,https://dummyimage.com/143x389,"Relate opportunity have deal people early drive likely. Vote amount she develop reflect I.
Per turn prevent successful. What even guess describe worry fast card hour. Also box reveal more.",644405206114678ff14f7c71,55
644408526114678ff14f7cfe,Kumquats,459,https://picsum.photos/786/406,"Couple least structure act tell cold account. Wrong by beyond sell dark month.
Authority maybe physical onto program real when market. Season character bill then. Apply season night eat.",644405206114678ff14f7c70,36
644408526114678ff14f7cff,Walnuts,319,https://placekitten.com/3/620,"Dinner where edge area yard. Seat win give image camera common.
National maybe leg adult. Apply loss government partner after machine above.",644405206114678ff14f7c72,9
644408526114678ff14f7d00,Artichokes,398,https://picsum.photos/752/245,"Feeling gun style participant school role. Food begin military full level able.
Hospital instead fight child visit feel. Offer meet church follow. And never event.",644405206114678ff14f7c71,88
644408526114678ff14f7d01,Rice,346,https://picsum.photos/885/740,"Culture school concern yes camera. Lead bring way employee at why hot. Miss success while entire side you.
Series popular risk change reduce standard. Shoulder shoulder race him particularly.",644405206114678ff14f7c72,52
644408526114678ff14f7d02,Sunflower seed butter,768,https://dummyimage.com/637x289,Community section religious. During scene federal. Stock order reveal up or all box yard.,644405206114678ff14f7c72,71
644408526114678ff14f7d03,Soybeans,464,https://picsum.photos/158/708,"Western notice movie side even. Sit energy fund their.
Painting last painting leave. Much use part dream four.
Inside memory discuss first. City decision although size.",644405206114678ff14f7c72,61
644408526114678ff14f7d04,Radishes,442,https://placekitten.com/739/397,"Piece continue wait be. Town debate interest rich.
Wrong investment relationship consumer direction wish. Pay live player across include.
Than toward future change hard.",644405206114678ff14f7c71,91
644408526114678ff14f7d05,Kiwis,116,https://placekitten.com/633/734,"Grow standard one tend adult sell. Down significant themselves.
Federal heavy whole player.
Parent sense federal few see program choose. We during maintain. Must wear today.",644405206114678ff14f7c70,56
644408526114678ff14f7d06,Kale,891,https://picsum.photos/421/76,Section better popular model. Think few board drive course personal.,644405206114678ff14f7c71,25
644408526114678ff14f7d07,Yams,896,https://dummyimage.com/217x24,"Camera as quality run. Blue various reflect simple. Fear son fine perhaps force.
Cultural close available history forget crime special. Arm care mother detail cover fact game.",644405206114678ff14f7c71,77
644408526114678ff14f7d08,Boysenberries,344,https://picsum.photos/853/484,"Himself must child hand material. Will later teach eight difference outside.
Speech reduce part feel. North themselves coach.",644405206114678ff14f7c70,67
644408526114678ff14f7d09,Asparagus,375,https://placekitten.com/872/384,Better reason including woman seat whom article six. Stock child green but newspaper team adult.,644405206114678ff14f7c71,96
644408526114678ff14f7d0a,Cranberries,327,https://picsum.photos/675/677,Certain nearly fine food card only through. Minute big look important. Sell quickly subject wrong art. Buy line important production room we sit.,644405206114678ff14f7c70,28
644408526114678ff14f7d0b,Cashews,871,https://dummyimage.com/127x460,Congress choose traditional song tell use. Southern rule movement at crime. Mission company another loss play road cultural. Establish continue second role.,644405206114678ff14f7c72,35
644408526114678ff14f7d0c,Sour cream,718,https://dummyimage.com/104x1005,Better thing seat speak approach be plant. Generation training whether cell. Card suddenly family land seat because.,644405206114678ff14f7c72,12
644408526114678ff14f7d0d,Bok choy,486,https://dummyimage.com/112x140,Oil quite situation read find. Right another actually time image on.,644405206114678ff14f7c71,52
644408526114678ff14f7d0e,Endive,1000,https://placekitten.com/38/395,"Difference from market conference. Truth campaign attack painting mention Republican.
Future religious either determine. Real like prepare or forget.",644405206114678ff14f7c71,28
644408526114678ff14f7d0f,Blackberries,726,https://dummyimage.com/928x437,"Better strong art pattern see.
Blood create reflect how include any me always. Third cover help capital.",644405206114678ff14f7c70,45
644408526114678ff14f7d10,Wheat,774,https://dummyimage.com/483x438,"Gun peace nor inside back town. He control ball page foot involve.
Bill song key door everybody.",644405206114678ff14f7c72,96
644408526114678ff14f7d11,Bell Peppers,642,https://picsum.photos/125/454,"Agent management into if.
Theory great show artist.
Charge rise protect citizen concern. Consumer debate series cover guess. Vote south soldier fact almost. Should sure help minute their eye.",644405206114678ff14f7c71,33
644408526114678ff14f7d12,Papayas,847,https://placekitten.com/69/187,"Friend give base high friend. Light thousand quite I low. Fire process agree face truth official.
Goal deal this report need international choice.",644405206114678ff14f7c70,73
644408526114678ff14f7d13,Hemp seeds,121,https://picsum.photos/792/244,Mrs ok accept store appear. In listen second least mission nation agreement hear. Sure back money break music right street.,644405206114678ff14f7c72,33
644408526114678ff14f7d14,Olives,766,https://picsum.photos/260/495,Laugh summer history heart operation area across quite. Order amount fact learn board. Church realize serve trip five.,644405206114678ff14f7c72,62
644408526114678ff14f7d15,Buckwheat,976,https://placekitten.com/207/128,"Evidence their reflect process Congress eye. Return perform important environment relate family six. These small result energy how quality cell.
Chair weight ok. Carry ground benefit record money.",644405206114678ff14f7c72,40
644408526114678ff14f7d16,Olives,449,https://dummyimage.com/566x824,Than fear threat if why edge many rock. Thus gas kind strategy. Central quality we second management he.,644405206114678ff14f7c72,50
644408526114678ff14f7d17,Mulberries,357,https://dummyimage.com/446x192,But color operation himself hit. Any year education war third off. Upon low civil energy four after.,644405206114678ff14f7c70,60
644408526114678ff14f7d18,Snow peas,917,https://picsum.photos/72/227,Get low house. Those performance all treat writer heart themselves. Enjoy young others than thus describe. Step walk movie process individual there drug.,644405206114678ff14f7c71,71
644408526114678ff14f7d19,Swiss chard,194,https://dummyimage.com/904x903,"Early give group. Decision red generation appear born go heavy.
Economy theory option go memory wide. Home trial adult enter.",644405206114678ff14f7c71,80
644408526114678ff14f7d1a,Sunflower seed butter,186,https://placekitten.com/436/34,Size although finally study money health. Fill us floor stay continue nearly person. Move necessary money near contain significant past blue.,644405206114678ff14f7c72,15
644408526114678ff14f7d1b,Yams,273,https://picsum.photos/750/542,Safe say PM role. Conference him science heavy full trial physical. State yet difference could cause any.,644405206114678ff14f7c71,6
644408526114678ff14f7d1c,Yams,630,https://dummyimage.com/670x914,Arm attention hair current. Particularly spend force tell bed front. International born small garden fish get.,644405206114678ff14f7c71,49
644408526114678ff14f7d1d,Spinach,517,https://placekitten.com/231/983,"Save whose successful maybe entire only. Whether center vote respond decision firm southern. At develop along stand require natural.
Rate tonight today edge within east. First cover natural describe.",644405206114678ff14f7c71,90
644408526114678ff14f7d1e,Peaches,971,https://picsum.photos/396/440,"Court claim painting year. Million yeah century magazine set record my from.
Plant according suffer let. Offer benefit open left majority.",644405206114678ff14f7c70,84
644408526114678ff14f7d1f,Gooseberries,456,https://dummyimage.com/479x675,"Yet really second fire benefit mouth one. Get media step stand. Test leave close lead.
Fear similar like food. Court realize she nation lead address eight. Goal in strong picture success.",644405206114678ff14f7c70,99
644408526114678ff14f7d20,Lard,102,https://dummyimage.com/408x170,"Finish explain event bad. Effect sell cultural popular compare.
Compare than plan field perhaps today of. Majority from back simply great them doctor.",644405206114678ff14f7c72,46
644408526114678ff14f7d21,Peppers,568,https://dummyimage.com/945x571,"Husband star just ago against degree. Both hope trip market. Year on entire.
Trouble clearly actually election. Fly read toward record production performance step movie.",644405206114678ff14f7c71,40
644408526114678ff14f7d22,Broccoli,225,https://picsum.photos/597/746,Personal project feel each concern. Term charge general almost like international treat admit. She air good attorney voice.,644405206114678ff14f7c71,88
644408526114678ff14f7d23,Celery,736,https://placekitten.com/479/612,Worry member stop as sound give fund. Pm tough example change concern. Nice dream find tell parent. Difficult about different anyone nation.,644405206114678ff14f7c71,88
644408526114678ff14f7d24,Pecans,702,https://placekitten.com/882/943,"Ago see return. Open development keep situation.
Under raise material. Class attack look behind thing.",644405206114678ff14f7c72,79
644408526114678ff14f7d25,Jicama,259,https://picsum.photos/844/725,"Cultural bar wish vote. Sign produce high.
Media stay quality perhaps. Building police marriage whether may. Practice rate take three issue visit of.",644405206114678ff14f7c71,83
644408526114678ff14f7d26,Carrots,496,https://placekitten.com/329/98,"Court standard growth foreign indeed pay pay. Right public show remember rest.
Risk also hold be. Many necessary write issue truth lead.",644405206114678ff14f7c71,71
644408526114678ff14f7d27,Rutabaga,987,https://picsum.photos/248/337,"Water including vote case. Sound soon bring three.
Fish enough form require you music miss. Continue family right by research. Career eye many sea now image.",644405206114678ff14f7c71,92
644408526114678ff14f7d28,Chestnuts,446,https://picsum.photos/1017/693,"Before shoulder form trade. Ready get process continue article expect.
Teach language college recognize. Science word society friend.",644405206114678ff14f7c72,70
644408526114678ff14f7d29,Millet,507,https://placekitten.com/350/646,Trial prepare discover step or scientist. Left instead could value method difference get. Series agreement keep contain across different.,644405206114678ff14f7c72,23
644408526114678ff14f7d2a,Brussels sprouts,121,https://dummyimage.com/613x667,"Mouth finally age nearly support create right rise. Build where test beyond draw. Feeling surface he these western music.
Morning reflect who. Follow prove choose agreement later.",644405206114678ff14f7c71,31
644408526114678ff14f7d2b,Chestnuts,114,https://placekitten.com/55/470,"Range voice alone our sure last. Call picture trade prevent since common goal.
Fish young kitchen quickly outside amount. Ground manage give after.",644405206114678ff14f7c72,58
644408526114678ff14f7d2c,Dates,715,https://placekitten.com/330/35,"Least pass me physical soldier break determine. Matter main citizen family growth Mrs.
Enough great away forget suffer great enter. Per paper mention support gun write.",644405206114678ff14f7c70,70
644408526114678ff14f7d2d,Grapefruits,703,https://dummyimage.com/154x712,"Relationship information generation rate use. Report mouth old try.
His detail whether think common station employee. Road trip art bag.",644405206114678ff14f7c70,54
644408526114678ff14f7d2e,Chicory,217,https://dummyimage.com/818x128,"Staff event ok nothing happy brother save amount. Ask degree yet establish great.
Son realize foreign baby reduce fish.
It amount side oil.",644405206114678ff14f7c71,28
644408526114678ff14f7d2f,Sour cream,182,https://dummyimage.com/5x167,"Parent contain animal sport manager production century.
High third indicate bag.
Activity particularly then party its easy form. Occur author alone project build.",644405206114678ff14f7c72,59
644408526114678ff14f7d30,Jicama,190,https://placekitten.com/330/221,"Energy situation improve develop stuff long. From or under century sell listen.
Around develop miss reason fill. Become write lose remember read attack.",644405206114678ff14f7c71,65
644408526114678ff14f7d31,Nectarines,670,https://dummyimage.com/681x927,Democrat the security find hundred certain art little. Include fish size parent.,644405206114678ff14f7c70,63
644408526114678ff14f7d32,Ackee,910,https://placekitten.com/462/979,"Environmental challenge hard.
West attention throw turn provide. Police camera choice matter top simply majority.",644405206114678ff14f7c70,52
644408526114678ff14f7d33,Chives,809,https://picsum.photos/782/356,"Simply carry whose. Behavior common cost subject keep purpose. Cup test imagine everybody grow agreement authority chair.
Letter between south. Site sister else subject four throughout hair call.",644405206114678ff14f7c71,72
644408526114678ff14f7d34,Arugula,854,https://dummyimage.com/279x234,Our of enough discussion happen. Almost space open dinner. Difficult tend pass culture impact decision.,644405206114678ff14f7c71,21
644408526114678ff14f7d35,Apricots,424,https://placekitten.com/289/625,"News four building health should general here. Order with never explain degree.
Something partner computer about. Recent customer soldier form social company gun.",644405206114678ff14f7c70,97
644408526114678ff14f7d36,Raspberries,885,https://placekitten.com/50/578,"Do eight ok care others with. Stage so attention share know shake participant.
Only seat institution which. Real radio ahead effort amount attorney theory. Laugh claim including stock share.",644405206114678ff14f7c70,96
644408526114678ff14f7d37,Oranges,960,https://picsum.photos/362/116,"Out research sport you per indeed. Who value training also PM. Artist product expect drop.
Couple development center.
Why different among tend culture area sing. Young hold use early by me top.",644405206114678ff14f7c70,74
644408526114678ff14f7d38,Elderberries,323,https://dummyimage.com/1006x175,Research sport attack push. War under amount company situation after theory. Key treatment bill step.,644405206114678ff14f7c70,83
644408526114678ff14f7d39,Hemp seeds,689,https://placekitten.com/173/805,Important close back create of person water. Wish ask part born since skill debate. Everybody rate style notice cost do.,644405206114678ff14f7c72,98
644408526114678ff14f7d3a,Bok choy,853,https://picsum.photos/155/654,Draw pretty camera whatever number. By glass mouth bad. Way create left direction really.,644405206114678ff14f7c71,92
644408526114678ff14f7d3b,Green beans,954,https://dummyimage.com/574x875,"Eight into court water trip but base thought. High run in political owner central. Art way image wait instead prove listen.
Unit whole rock station season choose. Deep rich decade human add toward.",644405206114678ff14f7c71,14
644408526114678ff14f7d3c,Sesame seeds,587,https://picsum.photos/280/636,Tonight become tell task. Speak stand others when Republican may. Town economic suddenly during including.,644405206114678ff14f7c72,6
644408526114678ff14f7d3d,Cauliflower,702,https://picsum.photos/645/710,"Same rich voice talk. Learn heavy nearly back. Report plan than this wait.
Hard among bill history hit. Again environment ever growth. Clearly affect set have. Will husband boy teacher.",644405206114678ff14f7c71,72
644408526114678ff14f7d3e,Cherries,482,https://picsum.photos/665/854,"Cut card grow we high. Deal company attack change able.
Red floor page arrive Mr hour.",644405206114678ff14f7c70,81
644408526114678ff14f7d3f,Spinach,921,https://placekitten.com/70/860,"Leader admit see other. Such woman stock fine cost response. Knowledge me while avoid control. Pass up simply.
Soon assume important artist however show. Apply such water TV fall low.",644405206114678ff14f7c71,15
644408526114678ff14f7d40,Olive oil,869,https://placekitten.com/899/407,Skill police market discover who act. Phone everything agency possible. Force could tell those along book.,644405206114678ff14f7c72,47
644408526114678ff14f7d41,Lychees,474,https://dummyimage.com/653x866,"Bag grow think enjoy garden. Strategy since stay west perhaps.
Speak right cut sense mouth. Line allow daughter professional international cup still key.",644405206114678ff14f7c70,71
644408526114678ff14f7d42,Asparagus,322,https://placekitten.com/437/860,"Save group your amount especially money. Help up it enter standard. Piece across summer tree front major budget season.
Top listen east able rock as. Property must dinner argue wear risk.",644405206114678ff14f7c71,9
644408526114678ff14f7d43,Papayas,291,https://placekitten.com/753/687,"Hundred outside present interview activity skill experience. Should success later fast.
Minute lawyer around describe matter health. Dog various right within. Minute American prevent spend answer up.",644405206114678ff14f7c70,44
644408526114678ff14f7d44,Sesame seeds,401,https://dummyimage.com/372x362,"Argue pay peace age brother. Republican join their loss. Party prepare between stock create enough.
School street lawyer deal yeah. If age before employee threat language.",644405206114678ff14f7c72,7
644408526114678ff14f7d45,Swiss chard,303,https://dummyimage.com/31x181,"Former before admit wait buy. Book market important deal.
Behind read want trip culture. Reduce move executive do. Place education customer direction wide provide fine.",644405206114678ff14f7c71,17
644408526114678ff14f7d46,Mustard greens,457,https://placekitten.com/851/999,"Bad business risk life mouth reveal. Style believe election knowledge born. Citizen though four yes threat.
Remember forward sort read movement. Because instead write whatever I.",644405206114678ff14f7c71,3
644408526114678ff14f7d47,Dragonfruit,568,https://placekitten.com/374/787,Mrs catch there real plant bag official. Within similar listen itself court why. Live something difference modern likely go tonight.,644405206114678ff14f7c70,21
644408526114678ff14f7d48,Corn,692,https://dummyimage.com/1008x928,"Single sure along action per community.
Our old line bad party anyone. Edge how event point. Present hot already individual apply character.",644405206114678ff14f7c72,91
644408526114678ff14f7d49,Zucchini,452,https://dummyimage.com/548x357,"Simply wear drug another body. Popular she new accept its old whom.
Me especially find control manager on story. Turn kind for us car but. Yard everyone meeting rule.",644405206114678ff14f7c71,64
644408526114678ff14f7d4a,Beets,261,https://dummyimage.com/348x753,"There ball become take. Last performance stage him away.
Collection many four second lawyer the. Group boy lead approach memory seek. Increase ago suddenly who husband fall floor.",644405206114678ff14f7c71,46
644408526114678ff14f7d4b,Bok choy,325,https://dummyimage.com/790x930,Crime modern happen ability environmental explain. Dream sea compare two.,644405206114678ff14f7c71,78
644408526114678ff14f7d4c,Carrots,216,https://picsum.photos/244/807,"Necessary worker analysis reveal personal key either. Strong role receive way success option.
Large include hot foot in evidence. Health attorney writer others. Last boy top now data.",644405206114678ff14f7c71,65
644408526114678ff14f7d4d,Boysenberries,142,https://placekitten.com/408/140,"Evening eight policy nation nice. Heart phone challenge drug term want radio.
Clear notice wish identify address. Start see respond standard leave seek they range.",644405206114678ff14f7c70,69
644408526114678ff14f7d4e,Cucumbers,457,https://picsum.photos/557/852,"Phone remember both give could between safe. Area together employee few and between success fact.
Trial scene training under movement than common drug.",644405206114678ff14f7c71,58
644408526114678ff14f7d4f,Broccoli,869,https://placekitten.com/291/292,Shoulder building yes want likely with. Will part all make seek goal. Mrs ask right every remain more knowledge.,644405206114678ff14f7c71,19
644408526114678ff14f7d50,Honey,626,https://dummyimage.com/133x38,Hard growth local stock sometimes measure benefit wonder. Bit line area report. Identify per available carry. Daughter drop kid leader modern option safe.,644405206114678ff14f7c72,94
644408526114678ff14f7d51,Green beans,638,https://dummyimage.com/997x13,"Every tough other young. Onto take former state send.
Door although ball material.",644405206114678ff14f7c71,31
644408526114678ff14f7d52,Pomegranates,766,https://dummyimage.com/239x217,Treat tend add quickly everything push figure participant. Step south many there. Act message list fact. Allow garden director top off throughout fight never.,644405206114678ff14f7c70,8
644408526114678ff14f7d53,Eggs,844,https://dummyimage.com/207x214,"Attorney site later decide region beautiful teach maybe.
Particular call final miss training serve small.",644405206114678ff14f7c72,99
644408526114678ff14f7d54,Boysenberries,284,https://placekitten.com/798/267,Particular over near during raise before star heavy. Attack could direction go yeah evidence manager. Respond try bar leader.,644405206114678ff14f7c70,80
644408526114678ff14f7d55,Apricots,601,https://placekitten.com/857/915,Since arrive range design fall. Run reduce picture final include in represent could.,644405206114678ff14f7c70,66
644408526114678ff14f7d56,Grapes,292,https://dummyimage.com/356x80,Manager trade find huge cup. Resource after such trip single on nice. Left officer later understand successful sea miss.,644405206114678ff14f7c70,98
644408526114678ff14f7d57,Eggs,815,https://placekitten.com/857/396,Out near reflect require describe trouble art.,644405206114678ff14f7c72,58
644408526114678ff14f7d58,Lard,532,https://picsum.photos/111/467,"Certainly across lot short large. Man he modern determine.
Store method simple water evening western. Mouth subject create wonder major themselves. Site budget center amount argue.",644405206114678ff14f7c72,60
644408526114678ff14f7d59,Cow's milk,921,https://picsum.photos/695/68,"Imagine different adult. Whose pull charge explain.
Identify all bill gun ever majority no boy. I positive word consider great home.",644405206114678ff14f7c72,9
644408526114678ff14f7d5a,Peanut butter,989,https://picsum.photos/709/692,"Why central crime well despite. Record friend defense gas certainly culture candidate hotel.
Direction raise its local would out budget. Early identify unit.",644405206114678ff14f7c72,73
644408526114678ff14f7d5b,Butter,380,https://picsum.photos/648/599,"Call control force play.
Ahead movie bag determine response visit difficult last. Media stay call cup particularly speech special. Game force bag present agency Mrs sort. Enter less I win I back.",644405206114678ff14f7c72,63
644408526114678ff14f7d5c,Garlic,346,https://dummyimage.com/565x352,Apply goal let some. Majority crime during case anything. East follow owner theory we.,644405206114678ff14f7c71,75
644408526114678ff14f7d5d,Jicama,946,https://picsum.photos/219/343,"Price at body friend field. Miss smile voice central.
Realize include soon who interview. Partner everyone position key remember. Mouth letter method religious many accept.",644405206114678ff14f7c71,40
644408526114678ff14f7d5e,Zucchini,634,https://picsum.photos/589/71,Term majority hand job church relate ground concern. Event blood ago song in.,644405206114678ff14f7c71,38
644408526114678ff14f7d5f,Carrots,485,https://placekitten.com/854/475,"Staff in off individual. Professional particularly able including. Your American red size.
Role follow wide morning tell hand great. Street worry trip easy point fear cause.",644405206114678ff14f7c71,26
644408526114678ff14f7d60,Sesame seeds,364,https://dummyimage.com/562x520,"Middle election imagine. Book either article media PM you make. Whatever care nothing property peace year.
Site partner white understand already. Learn both pretty especially.",644405206114678ff14f7c72,81
644408526114678ff14f7d61,Wheat,601,https://dummyimage.com/489x495,"Until history whether air. Allow effect artist strategy. Current research whether music fine.
Present room who several it. Mr service industry.
President stage mission quite time goal per anyone.",644405206114678ff14f7c72,32
644408526114678ff14f7d62,Chives,603,https://placekitten.com/289/777,"Page that idea impact company. Fast song may sea organization carry ahead.
Red assume yard other consider certainly half. Soon step only while. Thus evidence movement.",644405206114678ff14f7c71,23
644408526114678ff14f7d63,Goat's milk,576,https://dummyimage.com/520x164,"Song out idea bad particular per. Tough seek show probably theory start million manage.
Some paper manager begin machine simple. Determine teacher data similar speech. Two prove visit agent kid.",644405206114678ff14f7c72,17
644408526114678ff14f7d64,Kiwis,411,https://picsum.photos/807/363,Major guess kind cup. Provide begin establish thousand minute model phone. Eye whatever win window school car show.,644405206114678ff14f7c70,10
644408526114678ff14f7d65,Olives,647,https://placekitten.com/449/196,"President much lawyer night. Somebody wrong fear. Study international road bring hit financial memory many.
Quality its meeting growth free deep ground. Between well early anything rise.",644405206114678ff14f7c72,81
644408526114678ff14f7d66,Snow peas,139,https://picsum.photos/554/745,"Nice sound window attack military put. Center should wrong. Book center provide respond pay bed.
Study exactly bed her with. National identify theory sell article. Arrive half green check.",644405206114678ff14f7c71,29
644408526114678ff14f7d67,Pecans,302,https://picsum.photos/718/832,"Southern draw public myself fly. Huge contain young view send. We participant line mouth among responsibility.
Reality successful call. Education discussion war democratic of process.",644405206114678ff14f7c72,64
644408526114678ff14f7d68,Sugarcane,873,https://picsum.photos/702/889,"Indeed hotel everything possible age. Score build everyone technology really. Paper despite firm produce people standard cultural.
Year back message often. Though there believe woman idea.",644405206114678ff14f7c72,16
644408526114678ff14f7d69,Celery,816,https://placekitten.com/103/801,Effort yet play. Property discussion television despite home decide decade.,644405206114678ff14f7c71,59
644408526114678ff14f7d6a,Chia seeds,987,https://dummyimage.com/1003x923,"Item enjoy believe direction play financial. We defense forget agree through despite reflect.
Support population follow research. Size let realize public allow well.
Quickly system all politics.",644405206114678ff14f7c72,78
644408526114678ff14f7d6b,Brussels sprouts,883,https://picsum.photos/790/973,"Himself imagine say operation. Fear think suddenly.
Enter certainly western law. Beautiful establish manager both doctor really song.",644405206114678ff14f7c71,13
644408526114678ff14f7d6c,Mustard greens,743,https://placekitten.com/1004/795,Professional leave write maintain ground enter. Even action visit. Draw stuff girl else.,644405206114678ff14f7c71,49
644408526114678ff14f7d6d,Marionberries,743,https://dummyimage.com/137x300,Bar sense decision drop. Stand theory at although business. Condition ground tend wonder need lot learn.,644405206114678ff14f7c70,71
644408526114678ff14f7d6e,Kale,509,https://picsum.photos/559/341,"Behind poor heavy once opportunity nature. Three common very set. Game event soon real.
Father next piece Democrat. Information service gas us my.",644405206114678ff14f7c71,74
644408526114678ff14f7d6f,Hazelnuts,738,https://dummyimage.com/216x678,"Nature operation name behind street. Act get kitchen hard population up thing. Economy among big firm sound.
Stop society main reflect wrong. Series market rate.",644405206114678ff14f7c72,28
644408526114678ff14f7d70,Starfruit,317,https://placekitten.com/43/975,"Across appear room forward left.
Born person way hot line. Set yes hard news during.
Move bag he theory let probably than great. Collection ago themselves marriage. Since nice eat amount raise.",644405206114678ff14f7c70,63
